"Multisizer","10:58  29 Jun 2026"
"File name:","1A _DLD1_P_Gree_03.#m4_"
"Multisizer","10:58  29 Jun 2026"
"File name:","1B_DLD1_P_Gree_04.#m4_"
"Multisizer","10:58  29 Jun 2026"
"File name:","1C_DLD1_P_Gree_05.#m4_"
"Multisizer","10:58  29 Jun 2026"
"File name:","1D_DLD1_P_Gree_06.#m4_"
"Multisizer","10:58  29 Jun 2026"
"File name:","2A_DLD1_P_Gree_07.#m4_"
"Multisizer","10:58  29 Jun 2026"
"File name:","2B_DLD1_P_Gree_08.#m4_"
"Multisizer","10:58  29 Jun 2026"
"File name:","2C_DLD1_P_Gree_09.#m4_"
"Multisizer","10:58  29 Jun 2026"
"File name:","2D_DLD1 _P_Gree_10.#m4_"
"Multisizer","10:58  29 Jun 2026"
"File name:","3A_DLD1 _P_Gree_11.#m4_"
"Multisizer","10:58  29 Jun 2026"
"File name:","3B_DLD1 _P_Gree_12.#m4_"
"Multisizer","10:58  29 Jun 2026"
"File name:","3C_DLD1 _P_Gree_13.#m4_"
"Multisizer","10:58  29 Jun 2026"
"File name:","3D DLD-1_P_Gree_03.#m4_"
"Multisizer","10:58  29 Jun 2026"
"File name:","4A DLD-1_P_Gree_04.#m4_"
"Multisizer","10:58  29 Jun 2026"
"File name:","4B DLD-1_P_Gree_05.#m4_"
"Multisizer","10:58  29 Jun 2026"
"File name:","4C DLD-1_P_Gree_07.#m4_"
"Multisizer","10:58  29 Jun 2026"
"File name:","4D DLD-1_P_Gree_08.#m4_"
"","1A _DLD1_P_Gree_03.#m4_","1B_DLD1_P_Gree_04.#m4_","1C_DLD1_P_Gree_05.#m4_","1D_DLD1_P_Gree_06.#m4_","2A_DLD1_P_Gree_07.#m4_","2B_DLD1_P_Gree_08.#m4_","2C_DLD1_P_Gree_09.#m4_","2D_DLD1 _P_Gree_10.#m4_","3A_DLD1 _P_Gree_11.#m4_","3B_DLD1 _P_Gree_12.#m4_","3C_DLD1 _P_Gree_13.#m4_","3D DLD-1_P_Gree_03.#m4_","4A DLD-1_P_Gree_04.#m4_","4B DLD-1_P_Gree_05.#m4_","4C DLD-1_P_Gree_07.#m4_","4D DLD-1_P_Gree_08.#m4_"
"Bin Diameter (Center)","Diff.","Diff.","Diff.","Diff.","Diff.","Diff.","Diff.","Diff.","Diff.","Diff.","Diff.","Diff.","Diff.","Diff.","Diff.","Diff."
"um","Number","Number","Number","Number","Number","Number","Number","Number","Number","Number","Number","Number","Number","Number","Number","Number"
9.039,9,11,8,5,11,10,9,9,3,3,8,3,4,4,1,2
9.116,8,10,12,6,13,7,7,7,3,3,3,3,5,0,3,1
9.194,5,11,8,11,9,8,7,9,4,5,6,5,5,3,2,0
9.271,5,5,8,8,8,11,9,9,0,10,5,3,4,3,1,1
9.349,6,9,11,7,10,6,3,12,7,6,0,2,4,1,0,0
9.426,7,9,9,6,5,12,1,3,2,2,2,2,6,2,2,3
9.504,11,8,9,9,6,7,14,11,3,4,2,2,5,1,2,3
9.581,5,5,18,7,5,5,5,12,5,5,2,4,2,0,2,1
9.659,5,8,6,1,15,11,8,7,4,4,3,1,3,1,4,1
9.736,4,5,9,9,7,6,5,2,3,1,2,1,4,4,2,1
9.814,4,8,3,6,3,6,2,8,5,9,2,1,5,3,2,1
9.891,9,7,8,6,9,7,5,8,4,8,2,2,6,2,3,0
9.969,8,2,5,8,14,4,7,7,0,3,5,2,1,5,0,5
10.05,5,12,9,7,5,4,5,2,3,2,3,7,1,2,1,1
10.12,6,14,9,4,5,4,3,7,4,1,0,1,3,1,1,1
10.20,6,7,14,7,4,3,5,13,8,2,5,2,3,2,1,1
10.28,3,7,11,3,7,6,7,3,3,3,1,5,2,5,2,1
10.36,2,4,10,6,7,5,5,7,1,2,1,3,4,3,5,1
10.43,6,7,12,4,4,8,4,4,3,6,4,2,3,2,1,4
10.51,1,11,8,8,2,4,4,4,6,2,5,0,4,0,1,1
10.59,10,13,11,9,7,3,5,8,3,1,2,3,6,1,2,2
10.67,6,11,11,6,4,9,3,8,2,2,2,3,4,4,1,3
10.74,5,7,20,9,4,7,3,11,8,1,4,0,3,3,3,1
10.82,5,15,6,16,8,7,4,4,3,2,2,4,5,0,2,1
10.90,11,8,7,6,5,5,2,12,5,0,0,4,3,7,3,1
10.98,7,17,7,8,2,4,3,5,2,5,2,3,1,2,3,2
11.05,3,8,14,10,6,5,1,4,3,3,2,3,5,3,3,2
11.13,7,9,12,2,3,6,5,6,5,3,4,2,3,4,0,3
11.21,7,8,10,7,5,5,3,5,4,2,2,2,6,3,0,1
11.29,8,12,10,11,9,5,7,8,1,2,2,1,5,0,2,3
11.36,14,12,14,10,10,5,4,4,6,1,6,3,7,5,6,2
11.44,4,13,7,10,5,7,6,6,4,2,5,4,5,0,4,2
11.52,7,18,10,8,6,5,4,7,3,1,2,2,7,2,1,4
11.60,11,10,16,6,4,11,7,3,0,0,3,0,2,4,1,0
11.67,9,13,15,10,5,9,3,7,2,3,3,6,1,3,2,2
11.75,7,13,20,8,12,1,2,4,4,6,4,2,4,4,3,2
11.83,4,15,14,13,5,3,7,6,5,3,2,1,2,2,2,0
11.91,12,8,21,11,6,6,3,11,1,3,6,1,1,2,2,4
11.98,10,13,19,9,7,5,0,6,6,1,3,3,4,1,2,0
12.06,11,17,16,8,4,3,7,5,3,3,3,3,5,4,2,1
12.14,13,17,16,6,7,1,4,1,3,2,4,1,7,3,1,0
12.22,10,23,14,17,7,6,5,7,6,8,1,3,5,1,2,1
12.29,17,20,11,16,11,3,8,5,3,4,0,5,3,2,0,0
12.37,9,15,16,17,8,6,3,2,5,2,0,2,1,3,0,4
12.45,15,22,24,10,6,4,4,9,3,3,2,5,3,2,6,2
12.53,19,18,16,16,7,3,5,10,4,3,7,2,10,3,2,1
12.60,23,24,28,15,9,7,8,7,1,3,4,1,6,3,2,2
12.68,12,26,19,17,14,10,4,11,4,3,3,2,6,4,2,2
12.76,12,30,25,25,8,6,7,8,6,0,4,2,3,2,1,3
12.84,28,34,32,22,7,10,7,7,7,2,2,9,5,4,1,2
12.91,19,24,30,18,11,13,3,4,3,6,4,3,3,3,0,2
12.99,21,40,24,24,3,6,4,6,10,2,5,2,3,2,1,1
13.07,30,33,25,22,7,10,7,6,2,7,3,3,3,5,1,3
13.15,27,46,32,22,7,7,4,6,6,1,3,5,6,0,2,2
13.22,30,42,25,29,14,6,6,9,4,4,4,2,5,3,2,0
13.30,26,44,46,27,13,8,6,14,8,3,2,4,2,1,3,2
13.38,31,54,41,37,8,8,4,12,3,2,6,7,4,2,2,4
13.46,22,68,36,32,14,7,9,7,6,6,5,5,7,2,0,3
13.53,30,41,38,45,17,11,11,11,2,6,3,4,5,2,3,0
13.61,32,56,41,23,13,7,5,9,6,4,5,4,5,2,3,2
13.69,28,61,38,26,16,15,8,9,5,3,4,9,5,3,4,0
13.77,26,56,33,20,11,8,9,8,5,6,3,4,6,0,0,3
13.84,36,60,34,27,21,16,13,12,8,6,5,6,2,3,2,0
13.92,21,53,39,43,16,17,7,12,4,5,3,7,3,2,3,1
14.00,36,60,34,44,13,17,7,13,5,4,2,4,3,3,3,2
14.08,38,66,37,39,16,15,14,9,8,3,2,11,1,2,6,4
14.15,31,70,40,54,19,18,17,17,3,3,7,6,2,0,3,4
14.23,32,50,34,54,19,15,6,14,6,3,3,9,2,5,5,2
14.31,35,73,44,34,17,29,11,14,3,6,3,8,3,2,4,3
14.39,30,65,55,52,24,27,21,14,10,10,3,5,3,0,0,2
14.46,37,67,45,41,24,33,16,14,8,9,2,6,3,1,2,0
14.54,44,69,55,45,33,26,10,16,7,11,6,7,5,3,1,3
14.62,41,67,55,39,19,30,14,18,15,4,16,14,8,2,5,2
14.70,34,61,58,44,21,34,10,17,6,3,5,17,4,3,3,3
14.77,45,58,49,58,27,19,20,18,11,11,15,13,6,1,4,6
14.85,31,70,55,34,27,26,25,13,13,10,5,13,3,4,0,0
14.93,44,63,55,46,30,23,17,18,14,6,10,16,1,2,1,1
15.01,35,65,64,36,29,34,21,18,8,5,7,14,3,0,0,0
15.08,43,80,72,45,44,19,19,21,15,12,11,10,3,4,3,4
15.16,34,66,54,48,32,29,21,18,16,20,8,17,6,5,4,3
15.24,35,55,59,24,29,40,28,18,16,20,9,16,4,5,1,1
15.32,27,75,45,43,31,35,22,15,19,15,11,10,2,6,2,5
15.39,34,56,65,32,34,35,20,32,14,14,15,7,1,6,5,1
15.47,35,62,54,51,35,37,30,28,12,19,13,11,2,5,7,3
15.55,40,73,61,49,26,30,24,30,20,19,9,21,5,6,2,3
15.63,46,66,40,54,48,36,14,18,15,11,10,13,3,3,2,0
15.70,53,64,50,33,50,32,27,23,24,16,17,19,1,2,1,1
15.78,43,73,59,48,42,35,26,24,16,15,14,15,5,3,2,1
15.86,29,61,40,37,52,32,45,19,12,22,18,25,4,2,0,0
15.94,50,68,44,39,43,38,22,40,27,20,12,25,2,7,2,1
16.01,34,66,40,45,45,53,35,36,17,25,11,27,6,4,1,3
16.09,41,64,43,29,43,46,18,38,15,22,12,26,6,8,1,6
16.17,37,72,57,44,38,34,31,22,19,22,20,21,4,5,2,0
16.25,44,60,53,45,54,38,31,32,22,25,10,28,4,5,4,2
16.32,38,54,50,41,55,45,32,33,25,15,24,20,4,5,3,4
16.40,30,53,60,43,58,47,34,33,17,21,14,29,4,3,4,6
16.48,29,69,49,34,67,34,35,46,24,25,17,17,5,5,2,5
16.56,42,76,54,43,60,51,37,34,23,23,15,19,3,5,4,4
16.63,36,63,60,26,54,49,39,34,23,27,22,24,8,2,3,6
16.71,38,61,53,39,60,53,36,37,30,27,22,23,6,4,5,9
16.79,36,54,34,45,68,43,29,39,24,32,14,24,2,2,4,2
16.87,36,52,43,42,54,57,37,36,33,20,20,33,5,4,2,3
16.94,37,61,51,31,54,45,38,46,26,29,29,23,7,4,1,2
17.02,36,61,40,43,53,61,32,37,32,28,23,29,7,6,3,5
17.10,33,63,52,35,53,61,32,41,31,27,28,34,6,4,2,6
17.18,26,53,47,36,56,61,28,47,37,24,22,44,9,7,5,4
17.25,33,59,44,32,56,53,36,42,31,25,17,30,2,4,2,6
17.33,26,49,41,38,73,56,36,44,35,34,23,28,4,4,2,6
17.41,35,50,42,47,45,63,36,35,28,29,29,35,9,6,3,2
17.49,22,49,29,28,55,50,43,45,39,41,23,48,6,7,3,7
17.56,29,54,41,44,56,59,44,34,42,40,19,39,7,4,8,9
17.64,27,64,40,36,57,45,36,36,34,38,22,31,5,5,4,1
17.72,26,39,41,33,50,46,42,45,33,27,25,36,5,5,7,10
17.80,35,44,48,46,75,44,37,57,30,25,26,48,6,14,6,6
17.87,27,39,35,44,59,49,45,33,36,35,26,38,7,3,5,5
17.95,35,44,37,45,42,52,49,52,38,46,23,36,6,6,5,3
18.03,27,51,47,34,42,54,44,41,30,31,21,28,2,6,1,6
18.11,29,38,44,34,61,47,31,45,37,40,22,33,5,5,6,2
18.18,26,40,38,29,54,51,43,45,45,37,19,33,4,6,6,9
18.26,21,53,49,25,48,49,38,47,35,31,35,50,10,7,2,8
18.34,35,54,46,42,53,63,42,46,44,38,19,36,11,5,1,7
18.42,39,46,43,37,41,47,45,36,40,33,19,40,10,10,6,8
18.49,20,43,33,37,49,56,24,43,26,47,19,38,10,10,5,9
18.57,30,46,38,31,57,61,36,45,41,28,34,43,9,8,6,10
18.65,26,35,28,31,57,41,36,41,27,39,27,42,7,14,8,6
18.73,35,42,33,33,51,54,35,34,44,28,20,31,12,9,4,9
18.80,32,43,33,31,61,43,17,33,32,33,26,40,8,8,3,6
18.88,29,50,36,26,48,59,41,37,41,28,27,39,2,5,10,10
18.96,33,37,27,37,54,36,31,31,35,32,25,39,11,13,5,8
19.04,34,34,44,36,55,44,40,38,27,34,22,46,7,8,9,12
19.11,30,53,28,27,46,39,25,34,34,23,34,27,13,10,10,9
19.19,21,46,30,31,45,55,32,34,40,36,31,34,12,9,9,7
19.27,25,26,34,34,43,32,33,38,42,38,28,30,6,11,5,4
19.35,27,34,37,22,48,34,35,34,26,39,20,38,11,13,5,8
19.42,20,44,41,28,45,39,31,36,37,31,29,38,13,8,9,9
19.50,26,34,35,31,42,60,30,35,48,33,23,30,6,11,13,5
19.58,30,31,30,25,58,44,30,32,34,41,12,37,6,5,7,2
19.66,27,25,33,22,39,35,27,41,38,31,24,33,7,11,8,7
19.73,23,33,29,26,38,55,34,38,33,27,14,32,12,10,9,13
19.81,19,23,36,29,36,43,36,31,22,29,13,38,10,9,9,5
19.89,20,34,30,22,39,41,33,35,42,20,25,31,15,13,8,7
19.97,25,32,19,27,37,36,37,39,39,32,22,36,8,8,12,7
20.04,23,26,25,24,32,48,25,24,38,21,19,38,15,7,4,11
20.12,24,26,21,30,44,42,28,26,27,40,25,39,11,7,8,19
20.20,28,30,31,21,36,30,29,32,27,27,23,39,12,15,3,9
20.28,22,27,31,17,42,40,29,24,32,27,28,49,15,9,9,6
20.35,21,24,25,21,28,39,19,36,27,22,21,33,10,12,5,5
20.43,14,23,37,26,43,32,29,19,17,30,21,20,14,15,8,13
20.51,26,22,27,21,33,17,25,30,24,21,20,34,6,9,8,3
20.59,20,33,17,21,20,34,34,34,18,28,14,28,15,11,6,7
20.66,9,26,17,17,37,41,19,38,26,27,19,25,9,6,6,8
20.74,16,14,31,18,30,28,27,30,17,20,23,37,10,12,6,10
20.82,18,22,24,20,34,31,22,29,23,20,12,28,8,12,9,9
20.90,14,20,18,21,32,24,26,30,16,21,27,28,11,6,10,11
20.97,10,22,15,25,32,31,21,16,24,18,16,30,9,6,7,7
21.05,19,26,21,16,27,18,18,23,29,22,14,26,11,9,10,9
21.13,14,23,17,27,32,29,19,23,20,27,18,33,11,5,3,8
21.21,15,18,20,23,28,34,23,26,26,20,15,25,7,10,8,9
21.28,26,17,17,24,20,33,14,19,17,26,6,19,6,15,10,8
21.36,11,17,17,16,22,34,26,23,17,17,10,34,9,8,5,8
21.44,21,13,17,18,22,32,22,17,20,24,19,28,5,6,8,7
21.52,12,12,20,16,31,23,14,16,26,15,14,21,8,10,4,2
21.59,12,17,17,13,22,31,34,15,29,13,20,21,11,7,4,6
21.67,10,15,24,16,21,33,16,24,15,17,19,30,11,7,6,6
21.75,19,11,16,6,22,17,20,17,19,21,16,24,12,10,6,7
21.83,8,21,11,12,24,20,14,13,24,20,11,26,9,6,13,5
21.90,12,19,16,16,28,28,11,28,26,19,16,29,7,5,6,7
21.98,18,17,15,15,21,30,26,10,12,16,10,22,9,4,7,4
22.06,15,15,16,18,22,26,18,16,21,12,17,15,17,8,5,6
22.14,11,15,18,9,29,22,19,13,16,15,12,28,6,9,3,5
22.21,13,15,14,16,32,27,17,18,16,13,16,12,8,4,6,8
22.29,27,8,12,12,25,26,18,24,23,10,12,21,8,12,3,2
22.37,17,10,10,5,16,28,25,25,21,10,11,24,7,7,4,14
22.45,16,14,15,7,24,28,16,20,11,9,10,19,9,4,6,3
22.52,9,7,12,15,21,27,21,20,19,20,9,21,5,6,6,10
22.60,9,14,15,8,21,17,15,16,18,13,18,26,11,3,6,3
22.68,7,4,6,18,27,26,12,17,17,12,12,22,7,2,6,6
22.76,11,6,9,15,20,15,22,15,16,16,10,23,5,8,4,8
22.83,6,11,18,12,16,22,21,19,24,20,8,13,7,10,5,5
22.91,10,11,10,12,20,20,17,12,13,10,16,16,7,11,7,6
22.99,14,12,10,7,26,12,22,13,13,10,13,18,3,7,3,2
23.07,7,9,4,11,16,13,18,15,17,9,14,16,4,5,3,2
23.14,6,9,14,10,16,18,15,14,13,10,12,15,10,4,5,6
23.22,6,6,8,8,23,20,14,17,14,9,12,22,4,8,4,6
23.30,10,9,10,10,12,21,9,20,19,15,8,26,8,3,1,5
23.38,9,7,12,11,16,20,12,19,9,7,8,14,7,3,3,1
23.45,10,9,8,7,22,17,19,14,10,15,6,19,6,4,4,2
23.53,9,10,9,10,20,12,12,15,22,6,10,24,6,3,6,2
23.61,7,15,5,4,17,12,8,11,10,9,11,16,3,6,2,3
23.69,8,10,12,9,12,16,12,5,12,14,12,20,5,4,2,4
23.76,8,4,8,4,22,18,12,15,9,13,15,16,3,2,6,4
23.84,13,4,17,6,17,15,10,12,10,7,13,18,5,7,4,6
23.92,1,7,3,5,15,12,10,8,13,8,8,14,6,8,2,6
24.00,8,6,5,9,13,13,4,11,11,12,7,9,3,4,2,5
24.07,3,4,11,4,12,14,14,12,12,13,8,13,4,2,2,6
24.15,4,6,6,5,13,7,4,12,8,12,10,18,1,9,7,2
24.23,7,9,5,7,12,13,13,10,13,13,14,18,3,7,5,2
24.31,13,4,9,6,19,13,8,13,11,6,5,19,10,5,3,3
24.38,6,6,3,6,12,21,6,8,9,13,11,11,3,11,7,2
24.46,8,2,6,6,7,12,9,13,10,11,13,20,3,7,5,4
24.54,5,7,6,3,14,17,9,11,11,11,11,12,6,5,5,3
24.62,8,2,6,1,13,9,7,9,9,9,7,10,3,3,2,4
24.69,3,7,5,3,5,14,9,7,16,10,15,14,6,2,4,7
24.77,3,7,1,5,12,5,8,12,8,3,4,18,6,7,5,1
24.85,2,6,6,5,9,10,7,6,10,4,8,13,5,4,7,1
24.93,7,4,4,9,11,9,8,4,9,7,6,17,5,3,2,1
25.00,2,4,7,4,8,9,8,8,8,6,5,8,8,3,3,6
25.08,4,4,3,2,6,17,4,7,7,4,8,9,5,2,4,3
25.16,5,6,4,7,5,12,10,4,6,1,7,16,4,3,2,8
25.24,3,2,7,5,6,13,8,8,3,8,8,5,4,5,5,5
25.31,4,2,5,4,8,11,7,11,7,5,3,7,3,3,5,4
25.39,3,7,6,6,7,10,6,6,13,2,6,11,6,4,2,1
25.47,7,2,6,4,6,8,4,6,9,9,7,11,5,0,2,5
25.55,2,1,6,5,4,6,9,2,7,8,4,10,1,4,3,1
25.62,5,1,7,4,10,6,3,4,9,6,8,12,3,7,3,5
25.70,4,5,1,4,6,2,5,7,15,8,8,12,6,2,1,6
25.78,5,3,2,2,3,8,3,3,3,4,5,6,4,2,2,2
25.86,1,4,6,3,7,5,6,5,1,5,7,8,6,3,2,1
25.93,4,1,0,2,5,7,10,4,4,3,10,14,2,5,3,3
26.01,7,1,3,3,11,4,3,5,4,4,6,11,7,5,2,3
26.09,6,6,4,7,9,8,3,3,7,6,4,9,2,2,2,4
26.17,4,1,4,3,5,6,0,4,9,7,4,3,2,2,1,9
26.24,3,4,3,6,4,4,6,8,6,6,6,10,7,3,6,4
26.32,3,1,3,0,6,11,3,7,3,10,8,15,4,5,0,6
26.40,2,2,4,5,2,5,3,5,5,5,5,8,1,4,5,0
26.48,4,2,2,3,7,15,2,7,1,3,2,2,4,3,4,2
26.55,2,2,2,1,7,8,5,1,3,1,2,3,1,1,2,2
26.63,2,3,3,1,3,8,0,3,5,9,2,10,4,5,5,3
26.71,1,3,2,3,7,5,3,5,3,4,3,8,4,4,1,1
26.79,2,1,1,2,7,3,1,4,4,4,10,4,3,5,1,3
26.86,3,2,3,0,3,1,2,3,6,3,5,12,2,6,2,6
26.94,1,1,4,2,3,6,3,4,5,4,5,7,1,3,2,4
27.02,4,0,1,3,3,6,6,6,2,4,3,6,3,5,0,2
27.10,1,2,2,3,4,2,3,1,3,3,4,9,3,1,4,4
27.17,1,1,3,2,3,9,4,2,5,4,5,5,5,4,1,3
27.25,2,2,0,1,5,1,0,1,4,2,2,5,4,1,3,4
27.33,2,2,1,6,4,3,2,4,2,2,5,7,8,1,3,0
27.41,6,0,2,2,5,5,1,0,4,3,0,8,4,2,1,5
27.48,2,0,1,5,3,3,2,3,2,1,1,6,5,1,1,5
27.56,2,2,0,1,2,3,2,1,0,1,1,5,4,2,3,2
27.64,2,1,1,1,3,2,4,2,3,2,3,7,2,1,6,1
27.72,1,0,3,4,3,2,2,4,6,2,0,6,4,6,2,1
27.79,2,0,2,2,1,3,2,3,5,6,3,3,4,3,2,2
27.87,2,0,2,0,2,4,1,3,1,3,0,6,6,2,0,1
27.95,1,2,0,2,1,2,4,1,1,4,3,2,2,2,2,2
28.03,3,2,1,0,1,4,0,4,5,2,1,4,7,3,3,1
28.10,1,2,2,2,3,4,0,4,6,1,2,2,3,1,2,0
28.18,2,1,1,0,2,2,0,2,1,3,3,10,2,2,1,3
28.26,5,0,2,2,4,1,2,2,4,3,2,7,1,0,0,1
28.34,0,0,1,0,1,4,1,3,1,2,2,0,1,1,4,3
28.41,2,3,2,2,1,2,1,2,4,2,1,5,2,3,1,1
28.49,3,0,1,0,1,3,1,0,2,0,2,6,1,2,1,0
28.57,2,0,2,2,1,1,2,1,0,2,1,4,1,2,2,0
28.65,1,1,0,0,2,4,1,2,2,5,5,6,1,4,1,1
28.72,1,1,0,1,1,6,2,5,1,1,4,3,0,1,1,2
28.80,1,1,1,2,3,2,2,0,4,0,1,2,0,1,0,0
28.88,0,0,1,2,2,1,0,3,1,2,2,4,0,1,1,2
28.96,0,0,4,2,1,3,0,2,2,3,1,3,3,3,0,0
29.03,0,0,1,2,0,3,1,2,2,2,3,4,0,2,1,1
29.11,1,0,2,4,0,2,1,0,3,2,2,2,1,1,0,1
29.19,2,0,3,3,2,0,3,2,2,3,4,2,1,0,0,2
29.27,1,0,0,0,1,3,1,1,2,0,0,4,2,0,0,1
29.34,0,1,1,1,1,1,0,3,2,1,0,3,0,1,1,0
29.42,2,1,0,0,1,0,0,2,2,1,1,2,4,0,1,1
29.50,0,1,0,0,1,3,0,4,0,1,0,1,0,2,1,1
29.58,0,0,2,3,2,1,2,1,1,1,1,2,0,2,3,0
29.65,1,0,1,0,1,2,0,1,2,0,1,4,2,0,0,1
29.73,3,0,1,0,2,3,0,2,4,0,3,1,2,3,1,0
29.81,1,1,1,0,1,1,1,0,1,1,2,2,0,1,3,0
29.89,0,0,0,1,1,1,0,3,0,2,1,6,1,2,0,2
29.96,0,1,0,3,1,2,2,3,0,1,3,3,1,2,0,2
30.04,0,2,1,0,0,2,0,2,2,2,2,0,0,3,0,2
30.12,0,0,0,1,0,1,1,1,2,0,1,3,2,1,1,1
30.20,0,1,1,0,0,0,1,2,4,2,0,0,0,0,0,1
30.27,1,0,1,0,0,3,1,0,0,0,2,5,1,1,0,0
30.35,2,0,3,0,1,1,0,1,1,2,1,2,1,3,0,2
30.43,1,0,1,0,1,2,0,0,0,2,1,1,0,0,1,0
30.51,1,0,0,1,1,1,0,1,1,1,2,0,1,0,0,0
30.58,0,0,0,1,0,2,0,1,1,2,2,1,0,1,0,0
30.66,0,0,1,0,0,2,1,1,1,2,2,1,1,0,0,0
30.74,0,0,1,0,1,2,1,0,1,0,1,1,2,2,1,0
30.82,2,0,4,1,0,0,1,4,1,0,1,2,0,0,0,0
30.89,0,0,0,0,0,0,0,2,0,0,1,0,0,2,0,2
30.97,0,0,2,2,0,0,0,1,2,2,1,1,1,0,0,0
31.05,0,1,1,1,0,1,1,0,2,1,2,3,1,0,0,0
31.13,0,1,0,0,1,4,0,0,2,1,0,2,2,1,1,0
31.20,1,0,0,0,0,1,0,2,2,1,0,0,1,0,0,0
31.28,1,0,1,1,1,1,1,2,0,0,1,1,1,1,0,1
31.36,1,1,0,0,0,0,0,1,0,0,0,1,0,0,0,0
31.44,0,1,0,0,0,3,1,0,1,0,1,2,1,1,0,0
31.51,0,0,0,0,0,0,0,0,1,0,1,1,0,2,0,0
31.59,1,0,1,1,0,1,0,0,3,0,2,2,0,1,0,0
31.67,0,0,0,2,1,0,0,0,0,0,1,1,1,0,0,0
31.75,1,0,1,0,0,0,0,0,0,0,0,2,0,0,0,0
31.82,0,0,0,0,1,0,0,0,1,0,0,1,1,0,0,0
31.90,0,0,0,1,1,1,0,1,0,1,1,0,1,0,0,0
31.98,0,0,0,0,0,0,1,0,2,2,0,0,0,0,0,0
32.06,1,2,0,0,2,0,1,0,0,1,0,0,1,2,0,0
32.13,2,0,2,0,1,1,0,1,0,1,1,1,0,0,0,0
32.21,1,0,0,1,0,0,3,0,3,0,0,1,0,0,1,0
32.29,0,0,0,0,0,1,0,0,1,1,0,0,0,1,0,0
32.37,1,0,0,0,0,3,1,1,0,1,0,2,0,1,0,0
32.44,0,1,0,0,0,0,1,1,0,0,1,2,0,0,0,0
32.52,0,1,1,0,0,0,1,0,0,0,1,1,0,0,0,0
32.60,0,0,0,0,0,0,1,2,1,1,0,2,0,0,0,0
32.68,0,1,0,0,0,0,0,0,2,0,0,0,0,0,0,0
32.75,0,0,0,0,0,0,0,1,0,0,1,1,0,2,0,0
32.83,0,0,1,0,0,1,0,0,1,0,0,0,1,0,0,0
32.91,0,0,1,0,0,0,1,0,2,0,0,1,1,0,0,0
32.99,0,0,1,0,1,1,1,0,0,0,0,0,0,0,0,0
33.06,0,0,1,1,0,0,1,0,0,0,0,0,0,0,0,0
33.14,0,0,0,1,0,0,1,0,0,0,0,1,0,0,0,0
33.22,1,0,0,0,0,0,0,0,2,0,0,2,0,0,1,0
33.30,0,0,0,1,1,0,0,0,1,1,0,1,0,0,0,0
33.37,0,2,1,0,0,0,1,1,0,0,1,1,0,1,0,0
33.45,0,1,0,1,1,0,1,0,0,0,0,0,0,0,0,0
33.53,0,1,1,0,0,2,0,0,0,0,0,0,0,0,0,1
33.61,2,0,0,0,0,0,0,0,0,0,1,0,0,0,0,0
33.68,0,0,0,0,0,0,0,0,1,0,1,0,0,0,0,0
33.76,0,0,0,0,0,0,0,0,0,2,0,0,0,0,0,0
33.84,1,0,0,0,0,0,0,0,0,0,1,0,0,1,0,0
33.92,0,0,0,0,0,0,0,1,1,0,3,0,0,0,0,0
33.99,0,0,1,0,0,0,0,1,0,0,0,0,0,1,0,0
34.07,0,1,0,0,0,0,0,1,1,0,1,1,1,1,0,1
34.15,0,0,1,0,0,0,0,1,0,0,0,0,0,0,0,0
34.23,0,0,0,0,0,1,0,0,0,0,1,0,0,0,0,0
34.30,0,0,0,0,0,0,0,0,0,1,0,0,0,0,0,0
34.38,0,0,0,0,0,0,0,0,0,0,1,0,0,0,0,0
34.46,0,0,0,0,1,0,0,0,0,0,0,0,1,0,0,1
34.54,0,0,1,0,0,0,0,0,0,1,0,1,0,0,0,0
34.61,0,0,0,0,0,0,0,0,0,0,0,0,0,0,0,0
34.69,0,0,0,0,0,0,0,0,0,0,0,0,0,0,0,0
34.77,0,0,0,0,1,2,1,1,0,0,1,0,0,0,0,0
34.85,0,1,0,1,1,0,0,0,0,0,0,0,0,0,0,0
34.92,0,0,0,0,0,0,0,1,0,0,0,0,1,0,0,0
35.00,0,0,1,0,0,0,0,0,0,0,0,0,0,0,0,0
35.08,0,0,0,0,0,0,1,1,1,0,0,1,0,0,0,0
35.16,0,0,0,0,0,0,0,0,0,0,0,0,0,0,0,0
35.23,0,0,0,0,0,0,0,0,0,0,0,0,0,0,0,0
35.31,0,0,0,0,4,1,0,0,2,0,0,0,0,0,0,0
35.39,0,0,0,0,0,0,0,0,0,1,0,0,0,0,0,0
35.47,0,0,0,0,0,1,0,0,0,0,0,0,0,0,0,0
35.54,0,0,0,0,1,0,0,0,0,0,0,0,0,0,0,0
35.62,0,0,0,0,0,0,0,0,0,0,0,0,1,0,0,0
35.70,0,0,0,0,0,0,0,0,0,0,0,0,0,0,0,0
35.78,0,1,0,1,0,0,0,0,0,0,0,0,0,0,0,0
35.85,0,0,0,0,0,0,0,0,0,0,1,0,0,0,1,0
35.93,0,0,1,0,0,0,0,0,1,0,0,0,0,0,0,0
36.01,1,1,0,1,0,0,0,0,0,0,0,0,0,0,0,0
36.09,1,0,0,0,0,0,0,1,0,0,0,0,0,0,0,0
36.16,0,0,0,0,0,0,0,0,0,0,1,0,0,0,0,0
36.24,0,0,0,0,0,1,0,0,0,0,0,0,0,0,0,0
36.32,0,0,0,0,0,0,1,0,0,0,0,0,0,0,0,1
36.40,0,0,0,0,0,0,0,0,0,0,0,0,1,0,0,0
36.47,0,0,0,0,0,0,0,0,0,0,0,0,0,0,0,0
36.55,1,0,0,0,0,0,1,0,0,0,0,0,0,0,0,0
36.63,0,0,1,0,0,0,0,0,0,0,0,0,0,0,0,0
36.71,0,0,0,0,0,0,0,0,0,0,0,0,0,0,0,0
36.78,0,0,0,1,0,0,0,0,0,0,0,0,0,0,0,0
36.86,0,0,0,0,0,0,0,0,0,0,0,0,0,0,0,0
36.94,0,0,1,0,0,0,0,1,0,0,0,1,0,0,0,0
37.02,0,0,0,0,0,0,1,0,0,0,0,0,0,0,0,0
37.09,0,0,0,0,0,0,0,0,0,0,1,0,1,0,0,1
37.17,0,0,1,0,0,0,0,0,0,0,0,1,0,0,0,0
37.25,0,0,0,0,0,0,0,0,0,0,0,0,0,0,0,0
37.33,0,0,0,0,0,0,1,0,0,0,0,0,0,0,0,0
37.40,0,0,0,0,0,0,0,0,0,0,0,0,0,0,0,0
37.48,0,0,0,0,0,0,0,0,0,0,1,0,0,0,0,0
37.56,0,0,0,0,0,0,0,0,0,0,1,0,0,0,0,0
37.64,0,0,0,0,0,0,0,0,0,0,0,0,0,0,0,0
37.71,0,0,0,0,0,0,0,0,0,0,0,0,0,0,0,0
37.79,1,0,0,1,0,1,0,0,0,0,0,0,0,0,0,0
37.87,0,0,0,0,0,0,0,1,0,0,0,0,0,0,0,0
37.95,0,0,0,0,0,0,1,0,0,0,0,0,0,0,0,0
38.02,0,0,0,0,0,0,0,0,0,0,0,0,0,0,0,0
38.10,0,0,0,0,0,0,0,0,0,0,0,0,0,0,0,0
38.18,0,0,0,0,0,1,0,0,0,0,0,1,0,0,0,0
38.26,0,0,0,0,0,0,0,0,0,0,1,0,0,0,0,0
38.33,0,0,0,0,0,0,0,0,0,0,0,0,0,0,0,0
38.41,0,0,0,0,0,1,0,0,0,0,0,0,0,0,0,0
38.49,0,0,0,0,0,0,0,0,0,0,0,0,0,0,0,0
38.57,0,0,0,0,0,0,0,0,0,0,0,0,0,0,0,0
38.64,0,0,0,0,0,0,0,0,0,0,0,0,0,0,0,0
38.72,0,0,0,0,0,0,0,0,0,0,0,0,0,0,0,0
38.80,0,0,0,0,0,0,0,0,0,0,0,0,0,0,0,0
38.88,0,0,0,0,0,0,0,0,0,0,1,0,0,0,0,0
38.95,1,0,0,0,0,0,0,0,0,0,0,0,0,0,0,0
39.03,0,0,0,0,0,0,0,0,0,0,0,0,0,0,0,0
39.11,0,0,0,0,0,1,0,0,0,0,0,0,0,0,0,0
39.19,0,0,0,0,0,0,0,0,0,0,0,0,0,0,0,0
39.26,0,0,0,0,0,0,0,0,0,0,0,0,0,0,0,0
39.34,0,0,0,0,0,0,0,0,0,0,0,0,0,0,0,0
39.42,0,0,0,0,0,0,0,0,0,0,0,0,0,0,0,0
39.50,0,0,0,1,0,1,0,0,0,0,0,0,0,0,0,0
39.57,0,0,0,0,0,1,0,0,0,0,0,0,0,0,0,0
39.65,0,0,0,0,0,0,0,0,0,0,0,0,0,0,0,0
39.73,0,0,0,0,0,0,0,0,0,0,0,1,0,0,0,0
39.81,0,0,0,0,0,0,0,0,0,0,0,0,0,0,0,0
39.88,0,0,0,0,0,0,0,0,0,0,0,0,0,0,0,0
39.96,0,0,0,0,0,0,0,1,0,0,1,0,0,0,0,0

