Area,well_column,well_row,cell_line,dose,source_file
813.806,1,C,caco2,0.0,1C_caco2_control.csv
716.852,1,C,caco2,0.0,1C_caco2_control.csv
1311.413,1,C,caco2,0.0,1C_caco2_control.csv
1144.192,1,C,caco2,0.0,1C_caco2_control.csv
787.118,1,C,caco2,0.0,1C_caco2_control.csv
1099.938,1,C,caco2,0.0,1C_caco2_control.csv
1435.392,1,C,caco2,0.0,1C_caco2_control.csv
1290.806,1,C,caco2,0.0,1C_caco2_control.csv
1388.098,1,C,caco2,0.0,1C_caco2_control.csv
1281.009,1,C,caco2,0.0,1C_caco2_control.csv
1169.078,1,C,caco2,0.0,1C_caco2_control.csv
857.722,1,C,caco2,0.0,1C_caco2_control.csv
924.272,1,C,caco2,0.0,1C_caco2_control.csv
881.369,1,C,caco2,0.0,1C_caco2_control.csv
1484.376,1,C,caco2,0.0,1C_caco2_control.csv
1573.898,1,C,caco2,0.0,1C_caco2_control.csv
637.802,4,A,DLD1,5.0,4A_DLD1_5_nabu.csv
446.934,4,A,DLD1,5.0,4A_DLD1_5_nabu.csv
628.23,4,A,DLD1,5.0,4A_DLD1_5_nabu.csv
968.527,4,A,DLD1,5.0,4A_DLD1_5_nabu.csv
1121.896,4,A,DLD1,5.0,4A_DLD1_5_nabu.csv
1349.586,4,A,DLD1,5.0,4A_DLD1_5_nabu.csv
1356.343,4,A,DLD1,5.0,4A_DLD1_5_nabu.csv
1787.062,4,A,DLD1,5.0,4A_DLD1_5_nabu.csv
651.652,4,A,DLD1,5.0,4A_DLD1_5_nabu.csv
593.885,4,A,DLD1,5.0,4A_DLD1_5_nabu.csv
1051.292,4,A,DLD1,5.0,4A_DLD1_5_nabu.csv
1653.623,4,A,DLD1,5.0,4A_DLD1_5_nabu.csv
494.905,4,A,DLD1,5.0,4A_DLD1_5_nabu.csv
755.025,4,A,DLD1,5.0,4A_DLD1_5_nabu.csv
1788.751,2,A,DLD1,0.5,2A_DLD1_05_nabu.csv
1762.401,2,A,DLD1,0.5,2A_DLD1_05_nabu.csv
466.19,2,A,DLD1,0.5,2A_DLD1_05_nabu.csv
434.097,2,A,DLD1,0.5,2A_DLD1_05_nabu.csv
664.152,2,A,DLD1,0.5,2A_DLD1_05_nabu.csv
850.628,2,A,DLD1,0.5,2A_DLD1_05_nabu.csv
1092.056,2,A,DLD1,0.5,2A_DLD1_05_nabu.csv
1502.28,2,A,DLD1,0.5,2A_DLD1_05_nabu.csv
1758.347,2,A,DLD1,0.5,2A_DLD1_05_nabu.csv
1618.828,2,A,DLD1,0.5,2A_DLD1_05_nabu.csv
899.612,2,A,DLD1,0.5,2A_DLD1_05_nabu.csv
1975.564,2,A,DLD1,0.5,2A_DLD1_05_nabu.csv
1552.615,4,B,caco2,5.0,4B_caco2_5_nabu.csv
964.248,4,B,caco2,5.0,4B_caco2_5_nabu.csv
503.688,4,B,caco2,5.0,4B_caco2_5_nabu.csv
1085.75,4,B,caco2,5.0,4B_caco2_5_nabu.csv
1114.802,4,B,caco2,5.0,4B_caco2_5_nabu.csv
1883.34,4,B,caco2,5.0,4B_caco2_5_nabu.csv
1250.605,4,B,caco2,5.0,4B_caco2_5_nabu.csv
917.178,4,B,caco2,5.0,4B_caco2_5_nabu.csv
852.993,4,B,caco2,5.0,4B_caco2_5_nabu.csv
679.804,4,B,caco2,5.0,4B_caco2_5_nabu.csv
963.121,4,B,caco2,5.0,4B_caco2_5_nabu.csv
733.742,4,B,caco2,5.0,4B_caco2_5_nabu.csv
733.742,4,B,caco2,5.0,4B_caco2_5_nabu.csv
639.491,4,B,caco2,5.0,4B_caco2_5_nabu.csv
1064.354,2,A,caco2,0.5,2A_caco2_05_nabu.csv
832.386,2,A,caco2,0.5,2A_caco2_05_nabu.csv
973.594,2,A,caco2,0.5,2A_caco2_05_nabu.csv
925.624,2,A,caco2,0.5,2A_caco2_05_nabu.csv
960.081,2,A,caco2,0.5,2A_caco2_05_nabu.csv
842.858,2,A,caco2,0.5,2A_caco2_05_nabu.csv
2572.49,2,A,caco2,0.5,2A_caco2_05_nabu.csv
674.737,2,A,caco2,0.5,2A_caco2_05_nabu.csv
491.864,2,A,caco2,0.5,2A_caco2_05_nabu.csv
1137.774,2,A,caco2,0.5,2A_caco2_05_nabu.csv
819.886,2,A,caco2,0.5,2A_caco2_05_nabu.csv
2180.958,2,A,caco2,0.5,2A_caco2_05_nabu.csv
2900.85,2,A,caco2,0.5,2A_caco2_05_nabu.csv
1078.655,2,A,caco2,0.5,2A_caco2_05_nabu.csv
1863.071,2,A,caco2,0.5,2A_caco2_05_nabu.csv
1394.516,2,A,caco2,0.5,2A_caco2_05_nabu.csv
1171.33,1,A,DLD1,0.0,1A_DLD1_control.csv
1442.712,1,A,DLD1,0.0,1A_DLD1_control.csv
2104.161,1,A,DLD1,0.0,1A_DLD1_control.csv
1152.075,1,A,DLD1,0.0,1A_DLD1_control.csv
1051.63,1,A,DLD1,0.0,1A_DLD1_control.csv
1946.85,1,A,DLD1,0.0,1A_DLD1_control.csv
2587.129,1,A,DLD1,0.0,1A_DLD1_control.csv
1085.412,1,A,DLD1,0.0,1A_DLD1_control.csv
1597.433,1,A,DLD1,0.0,1A_DLD1_control.csv
947.694,1,A,DLD1,0.0,1A_DLD1_control.csv
1387.534,1,A,DLD1,0.0,1A_DLD1_control.csv
1332.47,1,A,DLD1,0.0,1A_DLD1_control.csv
963.121,1,A,DLD1,0.0,1A_DLD1_control.csv
1574.799,1,A,DLD1,0.0,1A_DLD1_control.csv
874.162,1,A,DLD1,0.0,1A_DLD1_control.csv
1350.937,1,A,DLD1,0.0,1A_DLD1_control.csv
776.645,1,A,DLD1,0.0,1A_DLD1_control.csv
1334.722,1,A,DLD1,0.0,1A_DLD1_control.csv
1404.2,1,A,DLD1,0.0,1A_DLD1_control.csv
2114.521,1,A,DLD1,0.0,1A_DLD1_control.csv
1652.722,1,A,DLD1,0.0,1A_DLD1_control.csv
1333.483,1,A,DLD1,0.0,1A_DLD1_control.csv
1495.637,1,A,DLD1,0.0,1A_DLD1_control.csv
1010.416,1,A,DLD1,0.0,1A_DLD1_control.csv
1129.441,1,A,DLD1,0.0,1A_DLD1_control.csv
1867.462,1,A,DLD1,0.0,1A_DLD1_control.csv
1813.299,1,A,DLD1,0.0,1A_DLD1_control.csv
960.869,1,A,DLD1,0.0,1A_DLD1_control.csv
1116.266,1,A,DLD1,0.0,1A_DLD1_control.csv
714.262,1,A,DLD1,0.0,1A_DLD1_control.csv
869.883,1,A,DLD1,0.0,1A_DLD1_control.csv
885.986,1,A,DLD1,0.0,1A_DLD1_control.csv
1238.444,1,B,caco2,0.0,1B_caco2_control.csv
944.879,1,B,caco2,0.0,1B_caco2_control.csv
1397.894,1,B,caco2,0.0,1B_caco2_control.csv
1122.797,1,B,caco2,0.0,1B_caco2_control.csv
1057.373,1,B,caco2,0.0,1B_caco2_control.csv
591.521,1,B,caco2,0.0,1B_caco2_control.csv
1267.158,1,B,caco2,0.0,1B_caco2_control.csv
415.179,1,B,caco2,0.0,1B_caco2_control.csv
266.426,1,B,caco2,0.0,1B_caco2_control.csv
424.638,1,B,caco2,0.0,1B_caco2_control.csv
711.109,1,B,caco2,0.0,1B_caco2_control.csv
1423.568,3,A,DLD1,1.0,3A_DLD1_1_nabu.csv
1423.568,3,A,DLD1,1.0,3A_DLD1_1_nabu.csv
765.835,3,A,DLD1,1.0,3A_DLD1_1_nabu.csv
1867.462,3,A,DLD1,1.0,3A_DLD1_1_nabu.csv
1147.571,3,A,DLD1,1.0,3A_DLD1_1_nabu.csv
1048.252,3,A,DLD1,1.0,3A_DLD1_1_nabu.csv
802.658,3,A,DLD1,1.0,3A_DLD1_1_nabu.csv
513.485,3,A,DLD1,1.0,3A_DLD1_1_nabu.csv
1008.727,3,A,DLD1,1.0,3A_DLD1_1_nabu.csv
896.233,3,A,DLD1,1.0,3A_DLD1_1_nabu.csv
1314.791,3,A,DLD1,1.0,3A_DLD1_1_nabu.csv
675.3,3,A,DLD1,1.0,3A_DLD1_1_nabu.csv
1575.587,3,A,DLD1,1.0,3A_DLD1_1_nabu.csv
343.224,3,A,DLD1,1.0,3A_DLD1_1_nabu.csv
366.871,3,A,DLD1,1.0,3A_DLD1_1_nabu.csv
1017.51,3,A,DLD1,1.0,3A_DLD1_1_nabu.csv
2361.691,2,D,caco2,0.5,2D_caco2_05_nabu.csv
1025.618,2,D,caco2,0.5,2D_caco2_05_nabu.csv
1244.975,2,D,caco2,0.5,2D_caco2_05_nabu.csv
656.382,2,D,caco2,0.5,2D_caco2_05_nabu.csv
656.382,2,D,caco2,0.5,2D_caco2_05_nabu.csv
1032.374,2,D,caco2,0.5,2D_caco2_05_nabu.csv
1077.755,2,D,caco2,0.5,2D_caco2_05_nabu.csv
703.001,2,D,caco2,0.5,2D_caco2_05_nabu.csv
705.704,2,D,caco2,0.5,2D_caco2_05_nabu.csv
1391.476,2,D,caco2,0.5,2D_caco2_05_nabu.csv
1237.43,2,D,caco2,0.5,2D_caco2_05_nabu.csv
1671.19,2,D,caco2,0.5,2D_caco2_05_nabu.csv
1234.277,2,D,caco2,0.5,2D_caco2_05_nabu.csv
833.061,2,D,caco2,0.5,2D_caco2_05_nabu.csv
995.552,2,D,caco2,0.5,2D_caco2_05_nabu.csv
2505.602,3,D,caco2,1.0,3D_caco2_1_nabu.csv
1144.868,3,D,caco2,1.0,3D_caco2_1_nabu.csv
1164.461,3,D,caco2,1.0,3D_caco2_1_nabu.csv
830.696,3,D,caco2,1.0,3D_caco2_1_nabu.csv
838.804,3,D,caco2,1.0,3D_caco2_1_nabu.csv
1799.223,3,D,caco2,1.0,3D_caco2_1_nabu.csv
1724.227,3,D,caco2,1.0,3D_caco2_1_nabu.csv
1030.347,3,D,caco2,1.0,3D_caco2_1_nabu.csv
1343.168,3,D,caco2,1.0,3D_caco2_1_nabu.csv
1329.993,3,D,caco2,1.0,3D_caco2_1_nabu.csv
1456.337,3,D,caco2,1.0,3D_caco2_1_nabu.csv
529.7,3,D,caco2,1.0,3D_caco2_1_nabu.csv
1560.047,2,B,caco2,0.5,2B_caco2_05_nabu.csv
525.984,2,B,caco2,0.5,2B_caco2_05_nabu.csv
703.677,2,B,caco2,0.5,2B_caco2_05_nabu.csv
961.432,2,B,caco2,0.5,2B_caco2_05_nabu.csv
1359.383,2,B,caco2,0.5,2B_caco2_05_nabu.csv
985.53,2,B,caco2,0.5,2B_caco2_05_nabu.csv
1341.479,2,B,caco2,0.5,2B_caco2_05_nabu.csv
731.378,2,B,caco2,0.5,2B_caco2_05_nabu.csv
899.949,2,B,caco2,0.5,2B_caco2_05_nabu.csv
740.499,2,B,caco2,0.5,2B_caco2_05_nabu.csv
1189.46,2,B,caco2,0.5,2B_caco2_05_nabu.csv
1071.899,2,B,caco2,0.5,2B_caco2_05_nabu.csv
462.812,2,B,caco2,0.5,2B_caco2_05_nabu.csv
1622.994,2,B,caco2,0.5,2B_caco2_05_nabu.csv
1128.99,2,B,caco2,0.5,2B_caco2_05_nabu.csv
676.651,2,B,caco2,0.5,2B_caco2_05_nabu.csv
646.923,2,B,caco2,0.5,2B_caco2_05_nabu.csv
1100.276,2,B,caco2,0.5,2B_caco2_05_nabu.csv
1564.439,1,A,caco2,0.0,1A_caco2_control.csv
1422.105,1,A,caco2,0.0,1A_caco2_control.csv
1272.226,1,A,caco2,0.0,1A_caco2_control.csv
2135.015,1,A,caco2,0.0,1A_caco2_control.csv
3670.739,1,A,caco2,0.0,1A_caco2_control.csv
1621.53,1,A,caco2,0.0,1A_caco2_control.csv
1446.878,1,A,caco2,0.0,1A_caco2_control.csv
1320.196,1,A,caco2,0.0,1A_caco2_control.csv
651.99,1,A,caco2,0.0,1A_caco2_control.csv
988.12,1,A,caco2,0.0,1A_caco2_control.csv
1413.547,1,A,caco2,0.0,1A_caco2_control.csv
1152.638,3,A,caco2,1.0,3A_caco2_1_nabu.csv
2094.814,3,A,caco2,1.0,3A_caco2_1_nabu.csv
827.318,3,A,caco2,1.0,3A_caco2_1_nabu.csv
1201.284,3,A,caco2,1.0,3A_caco2_1_nabu.csv
632.735,3,A,caco2,1.0,3A_caco2_1_nabu.csv
1440.685,3,A,caco2,1.0,3A_caco2_1_nabu.csv
956.027,3,A,caco2,1.0,3A_caco2_1_nabu.csv
603.344,3,A,caco2,1.0,3A_caco2_1_nabu.csv
894.206,3,A,caco2,1.0,3A_caco2_1_nabu.csv
626.654,3,A,caco2,1.0,3A_caco2_1_nabu.csv
1302.629,3,A,caco2,1.0,3A_caco2_1_nabu.csv
853.33,3,A,caco2,1.0,3A_caco2_1_nabu.csv
990.485,3,A,caco2,1.0,3A_caco2_1_nabu.csv
1062.778,3,A,caco2,1.0,3A_caco2_1_nabu.csv
714.149,3,A,caco2,1.0,3A_caco2_1_nabu.csv
759.079,3,A,caco2,1.0,3A_caco2_1_nabu.csv
930.353,3,A,caco2,1.0,3A_caco2_1_nabu.csv
1019.875,3,A,caco2,1.0,3A_caco2_1_nabu.csv
812.454,3,A,caco2,1.0,3A_caco2_1_nabu.csv
3602.5,4,C,caco2,5.0,4C_caco2_5_nabu.csv
1849.22,4,C,caco2,5.0,4C_caco2_5_nabu.csv
2998.48,4,C,caco2,5.0,4C_caco2_5_nabu.csv
1048.252,4,C,caco2,5.0,4C_caco2_5_nabu.csv
1614.774,4,C,caco2,5.0,4C_caco2_5_nabu.csv
1005.011,4,C,caco2,5.0,4C_caco2_5_nabu.csv
1214.796,4,C,caco2,5.0,4C_caco2_5_nabu.csv
1214.796,4,C,caco2,5.0,4C_caco2_5_nabu.csv
703.001,4,C,caco2,5.0,4C_caco2_5_nabu.csv
1042.847,4,C,caco2,5.0,4C_caco2_5_nabu.csv
1159.394,4,C,caco2,5.0,4C_caco2_5_nabu.csv
906.706,4,C,caco2,5.0,4C_caco2_5_nabu.csv
886.774,4,C,caco2,5.0,4C_caco2_5_nabu.csv
1459.828,1,D,DLD1,0.0,1D_DLD1_control.csv
1184.618,1,D,DLD1,0.0,1D_DLD1_control.csv
1818.141,1,D,DLD1,0.0,1D_DLD1_control.csv
909.07,1,D,DLD1,0.0,1D_DLD1_control.csv
1948.877,1,D,DLD1,0.0,1D_DLD1_control.csv
1980.294,1,D,DLD1,0.0,1D_DLD1_control.csv
1144.305,1,D,DLD1,0.0,1D_DLD1_control.csv
840.155,1,D,DLD1,0.0,1D_DLD1_control.csv
1310.737,1,D,caco2,0.0,1D_caco2_control.csv
3031.586,1,D,caco2,0.0,1D_caco2_control.csv
752.998,1,D,caco2,0.0,1D_caco2_control.csv
1135.409,1,D,caco2,0.0,1D_caco2_control.csv
911.097,1,D,caco2,0.0,1D_caco2_control.csv
788.694,1,D,caco2,0.0,1D_caco2_control.csv
1197.568,1,D,caco2,0.0,1D_caco2_control.csv
1245.2,1,D,caco2,0.0,1D_caco2_control.csv
2127.245,1,D,caco2,0.0,1D_caco2_control.csv
1149.26,1,D,caco2,0.0,1D_caco2_control.csv
714.487,1,D,caco2,0.0,1D_caco2_control.csv
1635.043,1,D,caco2,0.0,1D_caco2_control.csv
1119.532,1,D,caco2,0.0,1D_caco2_control.csv
640.504,1,D,caco2,0.0,1D_caco2_control.csv
582.4,1,D,caco2,0.0,1D_caco2_control.csv
2455.943,2,C,caco2,0.5,2C_caco2_05_nabu.csv
1303.981,2,C,caco2,0.5,2C_caco2_05_nabu.csv
1513.09,2,C,caco2,0.5,2C_caco2_05_nabu.csv
898.26,2,C,caco2,0.5,2C_caco2_05_nabu.csv
1424.244,2,C,caco2,0.5,2C_caco2_05_nabu.csv
1996.847,2,C,caco2,0.5,2C_caco2_05_nabu.csv
757.052,2,C,caco2,0.5,2C_caco2_05_nabu.csv
1119.419,2,C,caco2,0.5,2C_caco2_05_nabu.csv
450.312,2,C,caco2,0.5,2C_caco2_05_nabu.csv
869.095,2,C,caco2,0.5,2C_caco2_05_nabu.csv
974.157,2,C,caco2,0.5,2C_caco2_05_nabu.csv
1916.108,2,C,caco2,0.5,2C_caco2_05_nabu.csv
717.527,2,C,caco2,0.5,2C_caco2_05_nabu.csv
1599.91,2,C,caco2,0.5,2C_caco2_05_nabu.csv
905.692,2,C,caco2,0.5,2C_caco2_05_nabu.csv
1845.504,2,D,DLD1,0.5,2D_DLD1_05_nabu.csv
1119.194,2,D,DLD1,0.5,2D_DLD1_05_nabu.csv
842.182,2,D,DLD1,0.5,2D_DLD1_05_nabu.csv
389.843,2,D,DLD1,0.5,2D_DLD1_05_nabu.csv
389.843,2,D,DLD1,0.5,2D_DLD1_05_nabu.csv
268.228,2,D,DLD1,0.5,2D_DLD1_05_nabu.csv
1163.448,2,D,DLD1,0.5,2D_DLD1_05_nabu.csv
533.416,2,D,DLD1,0.5,2D_DLD1_05_nabu.csv
781.713,2,D,DLD1,0.5,2D_DLD1_05_nabu.csv
857.384,2,D,DLD1,0.5,2D_DLD1_05_nabu.csv
651.315,2,D,DLD1,0.5,2D_DLD1_05_nabu.csv
2608.862,3,B,DLD1,1.0,3B_DLD1_1_nabu.csv
2930.916,3,B,DLD1,1.0,3B_DLD1_1_nabu.csv
1915.32,3,B,DLD1,1.0,3B_DLD1_1_nabu.csv
1752.491,3,B,DLD1,1.0,3B_DLD1_1_nabu.csv
2142.785,3,B,DLD1,1.0,3B_DLD1_1_nabu.csv
1506.334,3,B,DLD1,1.0,3B_DLD1_1_nabu.csv
1724.903,3,B,DLD1,1.0,3B_DLD1_1_nabu.csv
1655.65,3,B,DLD1,1.0,3B_DLD1_1_nabu.csv
832.723,3,B,DLD1,1.0,3B_DLD1_1_nabu.csv
589.381,3,B,DLD1,1.0,3B_DLD1_1_nabu.csv
378.695,3,B,DLD1,1.0,3B_DLD1_1_nabu.csv
2977.197,2,C,DLD1,0.5,2C_DLD1_05_nabu.csv
3211.306,2,C,DLD1,0.5,2C_DLD1_05_nabu.csv
1915.433,2,C,DLD1,0.5,2C_DLD1_05_nabu.csv
627.33,2,C,DLD1,0.5,2C_DLD1_05_nabu.csv
709.42,2,C,DLD1,0.5,2C_DLD1_05_nabu.csv
1099.6,2,C,DLD1,0.5,2C_DLD1_05_nabu.csv
1034.063,2,C,DLD1,0.5,2C_DLD1_05_nabu.csv
563.482,2,C,DLD1,0.5,2C_DLD1_05_nabu.csv
1059.738,2,C,DLD1,0.5,2C_DLD1_05_nabu.csv
2119.475,2,C,DLD1,0.5,2C_DLD1_05_nabu.csv
1861.382,3,B,caco2,1.0,3B_caco2_1_nabu.csv
623.951,3,B,caco2,1.0,3B_caco2_1_nabu.csv
1196.216,3,B,caco2,1.0,3B_caco2_1_nabu.csv
850.628,3,B,caco2,1.0,3B_caco2_1_nabu.csv
2075.446,3,B,caco2,1.0,3B_caco2_1_nabu.csv
1001.633,3,B,caco2,1.0,3B_caco2_1_nabu.csv
1816.452,3,B,caco2,1.0,3B_caco2_1_nabu.csv
1431.001,3,B,caco2,1.0,3B_caco2_1_nabu.csv
800.968,3,B,caco2,1.0,3B_caco2_1_nabu.csv
611.79,3,B,caco2,1.0,3B_caco2_1_nabu.csv
995.777,3,B,caco2,1.0,3B_caco2_1_nabu.csv
964.473,3,B,caco2,1.0,3B_caco2_1_nabu.csv
1753.955,1,C,DLD1,0.0,1C_DLD1_control.csv
1708.688,1,C,DLD1,0.0,1C_DLD1_control.csv
1485.052,1,C,DLD1,0.0,1C_DLD1_control.csv
513.485,1,C,DLD1,0.0,1C_DLD1_control.csv
549.293,1,C,DLD1,0.0,1C_DLD1_control.csv
2007.657,1,C,DLD1,0.0,1C_DLD1_control.csv
1227.296,1,C,DLD1,0.0,1C_DLD1_control.csv
1482.687,1,C,DLD1,0.0,1C_DLD1_control.csv
2146.501,1,C,DLD1,0.0,1C_DLD1_control.csv
896.571,1,C,DLD1,0.0,1C_DLD1_control.csv
959.405,1,C,DLD1,0.0,1C_DLD1_control.csv
1123.248,1,C,DLD1,0.0,1C_DLD1_control.csv
936.096,1,C,DLD1,0.0,1C_DLD1_control.csv
2591.07,4,B,DLD1,5.0,4B_DLD1_5_nabu.csv
2665.39,4,B,DLD1,5.0,4B_DLD1_5_nabu.csv
2158.324,4,B,DLD1,5.0,4B_DLD1_5_nabu.csv
1032.712,4,B,DLD1,5.0,4B_DLD1_5_nabu.csv
2287.033,4,B,DLD1,5.0,4B_DLD1_5_nabu.csv
3544.057,4,B,DLD1,5.0,4B_DLD1_5_nabu.csv
1804.966,4,B,DLD1,5.0,4B_DLD1_5_nabu.csv
1501.267,4,B,DLD1,5.0,4B_DLD1_5_nabu.csv
921.232,4,D,caco2,5.0,4D_caco2_5_nabu.csv
809.752,4,D,caco2,5.0,4D_caco2_5_nabu.csv
948.595,4,D,caco2,5.0,4D_caco2_5_nabu.csv
951.973,4,D,caco2,5.0,4D_caco2_5_nabu.csv
877.428,4,D,caco2,5.0,4D_caco2_5_nabu.csv
1698.553,4,D,caco2,5.0,4D_caco2_5_nabu.csv
1312.426,4,D,caco2,5.0,4D_caco2_5_nabu.csv
576.995,4,D,caco2,5.0,4D_caco2_5_nabu.csv
1710.714,4,D,caco2,5.0,4D_caco2_5_nabu.csv
1113.113,4,D,caco2,5.0,4D_caco2_5_nabu.csv
1098.024,4,D,caco2,5.0,4D_caco2_5_nabu.csv
660.098,4,D,caco2,5.0,4D_caco2_5_nabu.csv
897.922,4,D,caco2,5.0,4D_caco2_5_nabu.csv
897.922,4,D,caco2,5.0,4D_caco2_5_nabu.csv
843.871,4,D,caco2,5.0,4D_caco2_5_nabu.csv
843.871,4,D,caco2,5.0,4D_caco2_5_nabu.csv
1022.24,4,D,caco2,5.0,4D_caco2_5_nabu.csv
1196.892,2,B,DLD1,0.5,2B_DLD1_05_nabu.csv
313.834,2,B,DLD1,0.5,2B_DLD1_05_nabu.csv
730.026,2,B,DLD1,0.5,2B_DLD1_05_nabu.csv
1464.445,2,B,DLD1,0.5,2B_DLD1_05_nabu.csv
1175.609,2,B,DLD1,0.5,2B_DLD1_05_nabu.csv
1224.481,2,B,DLD1,0.5,2B_DLD1_05_nabu.csv
1384.382,2,B,DLD1,0.5,2B_DLD1_05_nabu.csv
577.332,2,B,DLD1,0.5,2B_DLD1_05_nabu.csv
1343.956,2,B,DLD1,0.5,2B_DLD1_05_nabu.csv
892.517,2,B,DLD1,0.5,2B_DLD1_05_nabu.csv
1060.188,2,B,DLD1,0.5,2B_DLD1_05_nabu.csv
1181.352,2,B,DLD1,0.5,2B_DLD1_05_nabu.csv
903.665,2,B,DLD1,0.5,2B_DLD1_05_nabu.csv
621.587,2,B,DLD1,0.5,2B_DLD1_05_nabu.csv
391.194,2,B,DLD1,0.5,2B_DLD1_05_nabu.csv
990.485,4,A,caco2,5.0,4A_caco2_5_nabu.csv
1755.644,4,A,caco2,5.0,4A_caco2_5_nabu.csv
1372.22,4,A,caco2,5.0,4A_caco2_5_nabu.csv
904.679,4,A,caco2,5.0,4A_caco2_5_nabu.csv
1349.586,4,A,caco2,5.0,4A_caco2_5_nabu.csv
2259.445,4,A,caco2,5.0,4A_caco2_5_nabu.csv
628.005,4,A,caco2,5.0,4A_caco2_5_nabu.csv
846.236,4,A,caco2,5.0,4A_caco2_5_nabu.csv
562.468,4,A,caco2,5.0,4A_caco2_5_nabu.csv
499.296,4,A,caco2,5.0,4A_caco2_5_nabu.csv
474.298,4,A,caco2,5.0,4A_caco2_5_nabu.csv
874.951,4,A,caco2,5.0,4A_caco2_5_nabu.csv
1337.763,4,A,caco2,5.0,4A_caco2_5_nabu.csv
5064.58,4,A,caco2,5.0,4A_caco2_5_nabu.csv
1238.782,4,A,caco2,5.0,4A_caco2_5_nabu.csv
2360.678,3,C,caco2,1.0,3C_caco2_1_nabu.csv
889.815,3,C,caco2,1.0,3C_caco2_1_nabu.csv
1510.388,3,C,caco2,1.0,3C_caco2_1_nabu.csv
542.199,3,C,caco2,1.0,3C_caco2_1_nabu.csv
631.496,3,C,caco2,1.0,3C_caco2_1_nabu.csv
607.736,3,C,caco2,1.0,3C_caco2_1_nabu.csv
557.401,3,C,caco2,1.0,3C_caco2_1_nabu.csv
859.073,3,C,caco2,1.0,3C_caco2_1_nabu.csv
805.022,3,C,caco2,1.0,3C_caco2_1_nabu.csv
584.764,3,C,caco2,1.0,3C_caco2_1_nabu.csv
629.356,3,C,caco2,1.0,3C_caco2_1_nabu.csv
529.7,3,C,caco2,1.0,3C_caco2_1_nabu.csv
456.055,3,C,caco2,1.0,3C_caco2_1_nabu.csv
1404.988,3,D,DLD1,1.0,3D_DLD1_1_nabu.csv
835.764,3,D,DLD1,1.0,3D_DLD1_1_nabu.csv
713.473,3,D,DLD1,1.0,3D_DLD1_1_nabu.csv
1007.038,3,D,DLD1,1.0,3D_DLD1_1_nabu.csv
1693.824,3,D,DLD1,1.0,3D_DLD1_1_nabu.csv
1966.106,3,D,DLD1,1.0,3D_DLD1_1_nabu.csv
1557.007,3,D,DLD1,1.0,3D_DLD1_1_nabu.csv
1173.695,3,D,DLD1,1.0,3D_DLD1_1_nabu.csv
869.433,3,D,DLD1,1.0,3D_DLD1_1_nabu.csv
587.805,3,D,DLD1,1.0,3D_DLD1_1_nabu.csv
757.728,3,D,DLD1,1.0,3D_DLD1_1_nabu.csv
765.16,3,D,DLD1,1.0,3D_DLD1_1_nabu.csv
1391.476,3,D,DLD1,1.0,3D_DLD1_1_nabu.csv
647.261,3,D,DLD1,1.0,3D_DLD1_1_nabu.csv
623.276,3,D,DLD1,1.0,3D_DLD1_1_nabu.csv
959.405,4,C,DLD1,5.0,4C_DLD1_5_nabu.csv
1059.062,4,C,DLD1,5.0,4C_DLD1_5_nabu.csv
1716.795,4,C,DLD1,5.0,4C_DLD1_5_nabu.csv
1466.246,4,C,DLD1,5.0,4C_DLD1_5_nabu.csv
1968.47,4,C,DLD1,5.0,4C_DLD1_5_nabu.csv
975.959,4,C,DLD1,5.0,4C_DLD1_5_nabu.csv
1736.389,4,D,DLD1,5.0,4D_DLD1_5_nabu.csv
1309.724,4,D,DLD1,5.0,4D_DLD1_5_nabu.csv
1016.835,4,D,DLD1,5.0,4D_DLD1_5_nabu.csv
4831.147,4,D,DLD1,5.0,4D_DLD1_5_nabu.csv
708.744,4,D,DLD1,5.0,4D_DLD1_5_nabu.csv
537.019,4,D,DLD1,5.0,4D_DLD1_5_nabu.csv
1441.585,4,D,DLD1,5.0,4D_DLD1_5_nabu.csv
1056.134,4,D,DLD1,5.0,4D_DLD1_5_nabu.csv
622.15,4,D,DLD1,5.0,4D_DLD1_5_nabu.csv
1431.676,3,C,DLD1,1.0,3C_DLD1_1_nabu.csv
1159.732,3,C,DLD1,1.0,3C_DLD1_1_nabu.csv
1052.306,3,C,DLD1,1.0,3C_DLD1_1_nabu.csv
554.698,3,C,DLD1,1.0,3C_DLD1_1_nabu.csv
389.843,3,C,DLD1,1.0,3C_DLD1_1_nabu.csv
483.419,3,C,DLD1,1.0,3C_DLD1_1_nabu.csv
1425.258,3,C,DLD1,1.0,3C_DLD1_1_nabu.csv
1341.816,3,C,DLD1,1.0,3C_DLD1_1_nabu.csv
905.354,1,B,DLD1,0.0,1B_DLD1_control.csv
704.014,1,B,DLD1,0.0,1B_DLD1_control.csv
2834.3,1,B,DLD1,0.0,1B_DLD1_control.csv
2854.569,1,B,DLD1,0.0,1B_DLD1_control.csv
3530.207,1,B,DLD1,0.0,1B_DLD1_control.csv
2419.796,1,B,DLD1,0.0,1B_DLD1_control.csv
3455.549,1,B,DLD1,0.0,1B_DLD1_control.csv
3552.503,1,B,DLD1,0.0,1B_DLD1_control.csv
2171.499,1,B,DLD1,0.0,1B_DLD1_control.csv
3271.775,1,B,DLD1,0.0,1B_DLD1_control.csv
2196.498,1,B,DLD1,0.0,1B_DLD1_control.csv
