cell_line,ncell,well,mM_NaBu,uM_Resveratrol,area
DLD1,6,A1,0,0.0,0.97
DLD1,6,A1,0,0.0,0.811
DLD1,6,A1,0,0.0,1.606
DLD1,6,A1,0,0.0,0.929
DLD1,6,A2,0,2.5,0.906
DLD1,6,A2,0,2.5,0.959
DLD1,6,A2,0,2.5,0.747
DLD1,6,A3,0,5.0,1.003
DLD1,6,A3,0,5.0,0.883
DLD1,6,A3,0,5.0,0.681
DLD1,6,A4,0,10.0,1.054
DLD1,6,A4,0,10.0,1.226
DLD1,6,A5,0,20.0,0.749
DLD1,6,A5,0,20.0,0.914
DLD1,6,A5,0,20.0,0.896
DLD1,6,A5,0,20.0,0.909
DLD1,1,A6,0,40.0,0.127
DLD1,1,A6,0,40.0,0.188
DLD1,1,A6,0,40.0,0.274
DLD1,1,A6,0,40.0,0.437
DLD1,1,A6,0,40.0,0.25
DLD1,6,B1,0,0.0,0.816
DLD1,6,B1,0,0.0,0.659
DLD1,6,B1,0,0.0,0.887
DLD1,6,B2,0,2.5,1.001
DLD1,6,B2,0,2.5,0.684
DLD1,6,B2,0,2.5,1.083
DLD1,6,B3,0,5.0,0.978
DLD1,6,B3,0,5.0,1.087
DLD1,6,B4,0,10.0,0.731
DLD1,6,B4,0,10.0,0.76
DLD1,6,B4,0,10.0,0.928
DLD1,6,B4,0,10.0,1.204
DLD1,6,B5,0,20.0,1.08
DLD1,6,B5,0,20.0,0.863
DLD1,6,B5,0,20.0,0.838
DLD1,1,B6,0,40.0,0.2
DLD1,1,B6,0,40.0,0.197
DLD1,1,B6,0,40.0,0.466
DLD1,1,B6,0,40.0,0.396
DLD1,1,B6,0,40.0,0.299
DLD1,1,C1,1,0.0,0.245
DLD1,1,C1,1,0.0,0.154
DLD1,1,C1,1,0.0,0.258
DLD1,1,C1,1,0.0,0.173
DLD1,1,C1,1,0.0,0.324
DLD1,1,C2,1,2.5,0.252
DLD1,1,C2,1,2.5,0.156
DLD1,1,C2,1,2.5,0.104
DLD1,1,C2,1,2.5,0.216
DLD1,1,C2,1,2.5,0.097
DLD1,1,C3,1,5.0,0.163
DLD1,1,C3,1,5.0,0.178
DLD1,1,C3,1,5.0,0.233
DLD1,1,C3,1,5.0,0.169
DLD1,1,C3,1,5.0,0.125
DLD1,1,C4,1,10.0,0.212
DLD1,1,C4,1,10.0,0.199
DLD1,1,C4,1,10.0,0.164
DLD1,1,C4,1,10.0,0.199
DLD1,1,C4,1,10.0,0.166
DLD1,1,C4,1,10.0,0.158
DLD1,1,C5,1,20.0,0.15
DLD1,1,C5,1,20.0,0.285
DLD1,1,C5,1,20.0,0.154
DLD1,1,C5,1,20.0,0.168
DLD1,1,C5,1,20.0,0.171
DLD1,1,C6,1,40.0,0.214
DLD1,1,C6,1,40.0,0.195
DLD1,1,C6,1,40.0,0.18
DLD1,1,C6,1,40.0,0.384
DLD1,1,C6,1,40.0,0.229
DLD1,1,D1,1,0.0,0.184
DLD1,1,D1,1,0.0,0.149
DLD1,1,D1,1,0.0,0.171
DLD1,1,D1,1,0.0,0.173
DLD1,1,D1,1,0.0,0.162
DLD1,1,D2,1,2.5,0.177
DLD1,1,D2,1,2.5,0.194
DLD1,1,D2,1,2.5,0.171
DLD1,1,D2,1,2.5,0.202
DLD1,1,D2,1,2.5,0.157
DLD1,1,D3,1,5.0,0.182
DLD1,1,D3,1,5.0,0.124
DLD1,1,D3,1,5.0,0.163
DLD1,1,D3,1,5.0,0.146
DLD1,1,D3,1,5.0,0.139
DLD1,1,D4,1,10.0,0.274
DLD1,1,D4,1,10.0,0.532
DLD1,1,D4,1,10.0,0.153
DLD1,1,D4,1,10.0,0.264
DLD1,1,D4,1,10.0,0.156
DLD1,1,D5,1,20.0,0.174
DLD1,1,D5,1,20.0,0.177
DLD1,1,D5,1,20.0,0.177
DLD1,1,D5,1,20.0,0.296
DLD1,1,D5,1,20.0,0.175
DLD1,1,D6,1,40.0,0.171
DLD1,1,D6,1,40.0,0.228
DLD1,1,D6,1,40.0,0.155
DLD1,1,D6,1,40.0,0.128
DLD1,1,D6,1,40.0,0.215
